startYear,startMonth,startDay,startTime,endYear,endMonth,endDay,endTime,displayDate,headline,text,mediaUrl,mediaCredit,mediaCaption,mediaThumbail,type,group,backgroundUrl,backgroundColor
,,,,,,,,,Lotería de Navidad,"Es una de las loterías más grandes y populares de España. El sorteo se celebra el 22 de diciembre de cada año, antiguamente se celebraba en el vestíbulo de Loterías y Apuestas del Estado en Madrid, pero en la actualidad se realiza en el Teatro Real de Madrid. Tiene más de 200 años y forma parte del sorteo nacional. El premio máximo conocido como el Gordo, desde 2011, es de cuatro millones de euros por un billete sencillo, 400 mil  euros por el décimo o 20 mil euros por cada euro. Hoy en día, se considera una parte integral de la Navidad y un símbolo de ilusión. Estas son algunas de las fechas más destacadas:
",,,,,title,,https://alinesabbloghome.files.wordpress.com/2019/11/b0f3719609bd1df4def2df1e21234c30.jpg,#FF0000
1812,,,,1812,,,,,<b>Primer sorteo</b>,"Se celebra el primer Sorteo de la Lotería de Navidad, conocido por aquel entonces como “Prósperos de Premios”. El primer premio Gordo fue para el número 03604.​ El billete costaba 40 reales y el premio era de 8.000 pesetas, a diferencia de los 400.000 euros del premio actuales. Tuvo lugar el 18 de diciembre, en diferencia al sorteo actual, que se realiza el día 22 de diciembre.",https://static2.laverdad.es/www/multimedia/202011/16/media/cortadas/loteriadenavidad-kjeC-U120781839645GF-624x385@La%20Verdad.jpg ,Static,Primer sorteo de la Lotería de Navidad,,,,https://alinesabbloghome.files.wordpress.com/2019/11/b0f3719609bd1df4def2df1e21234c30.jpg,#00FF00
1813,,,,1813,,,,,<b>Primer premio gordo</b>,"<p>Se celebra el primer Sorteo de la Lotería de Navidad, conocido por aquel entonces como “Prósperos de Premios”. El primer premio Gordo fue para el número 03604.​ El billete costaba 40 reales y el premio era de 8.000 pesetas, a diferencia de los 400.000 euros del premio actuales. Tuvo lugar el 18 de diciembre, en diferencia al sorteo actual, que se realiza el día 22 de diciembre.</p>",https://www.ahoraleon.com/wp-content/uploads/2019/12/gordodeloteria.jpg,Ahora León,Primer premio Gordo,,,,https://alinesabbloghome.files.wordpress.com/2019/11/b0f3719609bd1df4def2df1e21234c30.jpg,#0000FF
1815,,,,1815,,,,,<b>Cambio de sede del sorteo</b>,"<p>En un principio, el sorteo se celebraba en Cádiz, debido a que en tiempos de guerra era una zona sin conquistar. Poco a poco, con la retirada de los franceses de España, el sorteo fue expandiéndose, y pasó a celebrarse de la ciudad gaditana a la actual capital del país, la ciudad de Madrid.</p> 
",https://phantom-marca.unidadeditorial.es/d3dadabd87eba0c1ce042d5a27fa7b2d/resize/1320/f/jpg/assets/multimedia/imagenes/2020/12/19/16083827612697.jpg ,Marca,Sorteo de Navidad celebrado en Cádiz,,,,https://alinesabbloghome.files.wordpress.com/2019/11/b0f3719609bd1df4def2df1e21234c30.jpg,#00FF00
1892,,,,1892,,,,,<b>Cambio de nombre del sorteo</b>,"El nombre pasó de ser “Prósperos de Premios” a denominarse Lotería de Navidad, nombre que se ha mantenido hasta la actualidad. Se esperó hasta el 23 de diciembre para realizar el cambio de nombre, por lo que el sorteo de ese año sería el último con el nombre antiguo. No sería hasta cinco años más tarde cuando empezó a aparecer en los décimos con el nuevo nombre. Por primera vez desde la creación del sorteo, los premios los cantan los alumnos del Colegio de San Ildefonso de Madrid, que se convertiría en una tradición que sigue llevándose a cabo hoy en día. ",https://www.umhsostenible.com/images/2018/Actividades_/Sorteo_deNavidad.jpg ,UMH,"Cártel con el nuevo nombre de ""Sorteo de Navidad""",,,,https://alinesabbloghome.files.wordpress.com/2019/11/b0f3719609bd1df4def2df1e21234c30.jpg,#0000FF
1938,,,,1938,,,,,<b>Doble sorteo por la Guerra Civil</b>,"La Guerra Civil, iniciada en 1936, llevó a España a separarse en 2 mitades. Por un lado, el bando republicano, y por el otro, los franquistas. Ya que ninguno de los dos bandos querían realizar un sorteo conjunto, decidieron hacer un sorteo en cada bando. Los republicanos celebraron el suyo en Barcelona, mientras que los franquistas escogieron Burgos como sede.",https://www.google.com/imgres?imgurl=https%3A%2F%2Fstatic2.abc.es%2Fmedia%2F200912%2F16%2F15838186--300x180.jpg&imgrefurl=https%3A%2F%2Fwww.abc.es%2Fsociedad%2Fabci-guerra-civil-loterias-navidad-200912160300-1132566427623_noticia.html&tbnid=2jfTLDzBkYqlUM&vet=12ahUKEwjBhpb62OH1AhUGAGMBHRM-Au4QMygAegUIARCtAQ..i&docid=-2cJXmFecrDg1M&w=300&h=180&itg=1&q=loteria%20de%20navidad%20guerra%20civil&ved=2ahUKEwjBhpb62OH1AhUGAGMBHRM-Au4QMygAegUIARCtAQ,ABC,"Una Guerra Civil, dos loterías de Navidad",,,,https://alinesabbloghome.files.wordpress.com/2019/11/b0f3719609bd1df4def2df1e21234c30.jpg,lightyellow
1940,,,,1940,,,,,<b>La Fábrica Nacional de Moneda y Timbre</b>,"Tras el final de la guerra, los billetes para el sorteo se empiezan a imprimir los billetes en la Fábrica Nacional de Moneda y Timbre. ",https://commons.wikimedia.org/wiki/File:FNMT_(Madrid)_06.jpg  ,Fábrica Nacional de Moneda y Timbre,Wikipedia,,,,https://alinesabbloghome.files.wordpress.com/2019/11/b0f3719609bd1df4def2df1e21234c30.jpg,#00FF00
1957,,,,1957,,,,,<b>Primera retransmisión televisiba</b>,"La primera retransmisión televisiva del sorteo se realizó en 1957. En cambio, la primera vez que se retransmitió en TVE (Televisión Española) fue en 1962.",https://estaticos-cdn.elperiodico.com/clip/ef46dc71-787e-4aab-afc4-44f46526cf7c_alta-libre-aspect-ratio_default_0.jpg ,El primer sorteo de Navidad retransmitido por televisión,Estáticos,,,,https://alinesabbloghome.files.wordpress.com/2019/11/b0f3719609bd1df4def2df1e21234c30.jpg,#0000FF
1966,,,,1966,,,,,<b>Jesús Álvarez</b>,Jesús Álvarez se convirtió en el primer presentador del clásico que inauguraba las fiestas navideñas.,https://s1.eestatic.com/2015/03/31/bluper/bluper_22258255_170154428_258x195.jpg,"Jesús Álvarez, el primer presentador de la Lotería de Navidad",eestatic.com,,,,https://alinesabbloghome.files.wordpress.com/2019/11/b0f3719609bd1df4def2df1e21234c30.jpg,#FF0000
1974,,,,1974,,,,,<b>Revolución Francesa</b>,"Por primera vez, el sorteo de la Lotería de Navidad es informatizado.","data:image/jpeg;base64,/9j/4AAQSkZJRgABAQAAAQABAAD/2wCEAAoHCBYWFRgWFhYZGRgaHRoeHRwcHBwhJR4cIRweHxohISEcIS4lHB4rJBwaJjgmKy8xNTU1GiQ7QDs0Py40NTEBDAwMEA8QHxISHzQrJCs0NDQ0NDQ0NDQ0NDQ0NDQ0NDQ0NDQ0NDQ0NDQ0NDQ0NDQ0NDQ0NDQ0NDQ0NDQ0NDQ0NP/AABEIAMkA+wMBIgACEQEDEQH/xAAcAAADAQEBAQEBAAAAAAAAAAADBAUGAgEABwj/xAA7EAACAQIEBAMHAgUEAgMBAAABAhEAIQMEEjEFQVFhInGBBhMykaGx8MHRFEJS4fEVI2JykqIzgrIH/8QAGQEAAwEBAQAAAAAAAAAAAAAAAQIDAAQF/8QAJBEAAwEAAwEBAAEEAwAAAAAAAAECERIhMQNBYQQiMlETQoH/2gAMAwEAAhEDEQA/APyxsM9b0NkI2+1H1ztRAnKqKUSdNCqqetEVDXYWmcHCJo8UB0waqQN6aTDJUXoqYNN4OU2oPEBazrAypincnlSTej5bLNYcqq4OXio19PwtMfp9gZJAJi/WTTC5RTyt5mvhXauAKno5yuRQf5P705hZRP6fvUt80Z251w/HNJ8I1R3t/ejVYu2NHyq3iWmj/wBOTpPqaBnBl8ETiEA8lBMn0B+u1ZjM8dx3BGvQDyQR9d/rU3DCz4vX/NRf0Oyf6Gs2mWsXFR3JCAAmw/N6HxJFGE0aQxDaSSBBjfr5RzitHkuBYTKrBjDAGD3qD7W5Z2xCqKTh4QQMw2Vm5fQX70+/py8VuM/Nc7lsXCbS4IJAYXkFTsVINxSbO3U1+28EyODmMsq4qI+ksIYTF5EdLEVhPazgeDh45RFKqVUrvbrE8rH610RXIha4svf/AMozBdMXDa+kqw8iCD9hW4z+XUqZ5ivyv2KxWy2ZVgdWHieB+RgkQ0dAfpNfsGJhA71P6LjQZeoyH+jzJiB0+1NZXhSjccuYrQHCr5kFK7bGxEXEySkRAUX2AmpeNkkBIj6VpcwBUfND1ozTFqUZjN5W9gBSKZK8k2rR4+GDMiksTDjbarc2yThIlZxPDa1L4eW85NMYqmb7Ch6x5+VUXhKs0G2DeuTgmqKYZNyKC4omwnYmEIvXuFhWECjYzWii4a2FhWSQG3+GdwcuedO4eV2m1Hw8CJIo+FgE3NDwo9bOVyCmj/wkCFHnXeErTeqOGgIvU6prspM70TUy5JAireTyoAuKHg4d6fwa5q+lUXmEjtMMC9FCda+RKKR1NTWlASgV9jKSK+bEArh3mqymydJLwjcQZlF9voanyar8VbwAd/tUorFzULxUev8A0rdfJPEjo4bb1wqkbn9aOjyLVwUmk06s6Nd7KcSPu3RoIwxKz0kk/U1ayvDics6t8eMHd/Nxb5DSPSsFw2feIBszKpHVdQ1A9th61+tKKrL1Hkf1Uqb6PzL2W4icPFCk+BzpYd9lPzt5Gnvbzh+pFcTq1aZ7EEgAGw23pD2n4b7jGYKIV/Gh9fEPQ/cVqsphrn8uuptMN4wu8gdTsDM1T5Xxrs5vtHKdR+YYLtgBW0+LcAmZjrFbHgvt7rxAmZRE1RDpIAPLUCTA7zXXtPwTLQyBG1qo0G5sLkm/U3PcV+Y6yJBVoHW3y601VzZphTK39P6FdbUnjPFZz2S47mMxC+7VcJERS7apcxHh2E2vvE1Z400IQN2hPVjp/WamgUsYDHBYBhMEAj5VPYdatOtoNKOg5CmQCRi4dKtF5q4cLtM1Hz+EwJgAKTTzQtIk5jCDbUHCygm1PFNhXuFhRPerKiLkBmTAgUgzTvVd0F5qc6WtTyxGhNlFdK3lXzpa9fLhDvTJ4Ixj+G0iaNgopudqlvmHeP0pnCxCqx965OTfp3OUikMIcq809KQbOEQBubAff0ppMUAQZJ6ilrzs0zr6D4T09gGp3DmQyBAgwR060+G6GlwcoIIE0HGcxauRj2ia+wmmiugi4mmEwCwp3AwVi9G19BajzwVzpGzuROiy6jM77d6l4nDXJlgI6CtY6E+VcPliwig5mnrL/P73854rMMk2AQYHKq/CsqsS6AmbTe3+aqYfDATf1p/D4egI0mI+tKolPWx/p/V1c8UsEeG5RMV2coLMAmmw8HxG3U2v/TWtwNXOkMhgog0iAL2284qgHtQZzU2/ST7X8N97gFgJfDlljmP5h8hPpWI4LxZ8s+pIKtGpTsenkbm/ev0z3tYXjns4QXxUELIKqP8A28r0rHh9Yzrj+fDozqWKuRBIML/UrGIEEEC96z3CeEYeZx0TEJ0ktYcyFYifWqHD1L4b4TfzHntv9xvUnGw3wH3iDKkNfsZHOstHrzD9O4bw5cBAikkCwkk25b7DtSHFXnGwE/5O58lUgf8As6/Kgez3H/fDQ58YH/kOvn1+dIcS4kcPOprQ6XVUQ+Zlj8wBHlTSRr+S3iGaHh4qksgILKBI5idprzN5tUQsxFgYHUgEwO9qk+zOpkxMZ41Yjm4MgqthHadUdoqgrKzCp2cnselUiQRQjhA1kwNEHETnFcmquYwhMAUk2FeaZMDQro60DMYEi1UFw69fCnlTqsJuSO+U1DvQVwWG4q3o5UpiJc2p1YrghyoMDahM4NuhNKHG8R/LV5jtIgG7fbnUEXbG8nii7nc2A6L/AHplsYRIFlBPnAtUfCw3bUQQoXkZ+vWgJnnR9JgyeVBrkFNyi3w9ygvuxk1UTFqW2CWQjmZjzFd5NpQEn8FbQFUZnSCek1FwfaDFPi8IHSOXnXOdzoHg/qGw6GkCsKQAwHe9/Ois/TNv8NdwnjXvpWCrDlvI6g1eyxmsR7OJoVn5kx6D/P0rS5XNGINSv3opL67NFgrPOjFFFThmgAI2oOJxHcTQTf6HCizUFM2CbXjnyFRuH5p8ZiGEJ259pq9gALEQBW1s2YDweIIrMXddxebRFh2gyPMVUOYAEz4Yme3Wai8WxCi61TUJAcATqTnI5xJ+dZbHzmIisuDio2ESSBKhgDuIbxAjoPPtQbKKFS02vD+P5fFxBhI8v0gwd5g89jTnHM2qYbzvFh17VFyPEcuiJiIUAUfAtyWKixgSzgH6micXzuWxkX3uL7lzcSrSOzWj83pFemcpP+DM5DFL4gUC7HlyFA9pML3Zg8oPetRkuF4WXJx2zKt4NWwB0nYgTNQeN5rLnE+N8V4BgBQoBuoM7sOh25jlTyn+gq1+EbhTuHV08Ok6pPPlHkZrRITj59J2wUJPmRAv18X/AK0mcdnAUKEuBAiess03gCem1C4Jm9PvsWY1N8R5KP1JJHpR3OybToD7bHF9+qqwKFSAl/Jp5Hcd962HCMMjBw1KhSEUaRsLWHyioPs5l9bPmcWJJITUfhA53/N60P8AHYYg60vsdS3Pa9zVF2KwpEV9A714HmgOH3G3rRFAY6ty2oBBmjY+ZgERelVxYoaE7rpppZsSK5OOaKwVphzSzRXxcmgHCNUVIRyzCNi3NERypF6JlEQoXsTMQeRi8/P6VU4Pwn+JfW7BEUqthdma8TyAHPuKnyXZVz+gGdkENF4kR2EX5GCKCMbCDMzpqYHwkbCtDxnhxR3UAhX0i5nSVA585X7VPbJoMM+AsfE02ABV1B7kwyiNt6nLWlK1yDy2fUATIiTcdTUfNYxJOmQpM6QevlvVnMOocKVGho0n832oLZZQ+pYDDccqZPCfHSXgqQSWGmwWTyvEmOUxWg4LlVfCHjAIdtRgHwdZO22w3qDmM4FMKASbGwPO/aacbO4anUsoCJ0gEg22gxF+c9OdClTXQ0uUyhkMuFxHhmKyY5A9CR1j71SwXgxWWw84yuWWbgWa0/WnMPi4nxCO4MxTOHgvJaaJs0C+iTMfWOtT8bMs7hQYUG99xzJoOG4ZgweCL36/3mkMc+IiLX9TQUj8sNZlc8ghUcdgDTWHxFgYO1/v/isbloUX3m89eUUbPOzb2tP1oYZvDf4eYJEgwa6IRviQEjsKzHCuItpCkWVRfvFvnVrgmKXJLXgmPQUlaloZabGs3wQllx8MxjrcSPDAHwmL/LvSONxfDRmXFw2VzpLF1JAWIADCejRtfyrSjNKFjn0pZ8qrkuxEc/Qc/Qn51yP+S6fR+d5/PK7H3aMxMEkAgD5i32omXyiNlw5IDljqI/l3hb/l6ucdwImToTT8C/Eehc7AAcqi8EVXTEw9g1x9vnYV0QuuidvtaKZTNBMHGJjUQFDc7mLdOvpS+LiMiImwsxH9RNx6X2pPiOCUZkY3U7deh+RqpxliUwmKgSo5XA39dz8qphN9HHtFl3b3Cam0HDQhJIWYlmYjfmazebyKg2g918+lbfJ4+vLq5A1YBC7SdDSv0tWbz/ichEWYCgSoBjnJgU029wLU8dL3sNxbHfEfDxcTWqoCuqJF433Ig3meVbZJO9hWT9ivZp8FjjYrKWdIUKZgGCSTsbAbTWyGHAtT16SQrmEkQKj5jCYGneK5sokqYMis+nFHYnXcfb5DypWxkOO3KutxXmIldotbA9HqGOddstAd4Netjfk0UgGF4SjaMQASdWGPInUJ9Yj0FaHC4phrl0QKVZWl+5gjUD5wY7VPyLaUcKQs7xuQDsD05/OlZgd+VZ9syfRs83mTmcAujSwENHa4P6jzIqVjYx92gFiVdv8AzZQAe0CflQfZfiHugdQBViNQ2IF7/I1W4vk9P+9hnUjC8fyjqP8Aj1HI9tp9SxtbRB4gVOGoBGtAZHeZUeURU3M5/Vh8tVge1+R8qNnE1lmiP7C3pao+m1+9VlJiV0jgQpB6GtPwTGwCyDEQMJJDG2/I9YIt5mss9weUGqGRPh6kbCnudQsvGMcYxh7x42Bgegjfzqch1GIvTGJhtiOFUTrI09yTHnv9qoNlUwSZbUwsLEQdiL7He/TubFUksBxbeneGdCaNy0au8Gw/6iLnmfKgO/jFIDMNr1TfmOQHTyp/LuNQJ2pKTXo0tb0GzOJDWPLfpQ1xjEXvufWm8lwxsYkjwr139AK4zGAmG+jVqI3tEUv9vhTKfa8BJiOGABOk7+VbPhS+7VTG9vUx+gNS+G4SNzFr1q8ng6gpABC3k7A7T33NT+jTnDQny0aRCwJayi9ufrvXQSfBYJh3YDm5vH/UTPckdKncZ4wmFA+NzGhBuzH4RA+FZi/3p/AwGXA0uRrIlzyLtdvSSa5sxdldMT7W54GUB7W+1TvZ/EK4q/8AKV9K89ocMI8FtT7mOU/rXHBMYK5dv5VJE/X6V0R4sJ0++xo4AzGdgiVRfF3j9JYD0qn7UZ1cDBUe7Dl5VZ2U7z8p2oXsWmr3+KbkkC/S7H7j5Vl/ajinv8UsD4EkJB3vc+sfKrStZOniO/Y7iDLjPhuZGIhVgeZGwjymvMXM+4zIXQjAERqFzaRLC55G/Wp/BEP8QjC9z16WPnXXtPin+ItuAtFpOv8AwCb4n6rwviaY2GGWx2Zd9J/Nq6zWZIW1fn3BuLe4aSJB+Jft6ia3mSxNaqQJBgg9qXP9hJ/GSfdyw5gD61Iy2VLzCn8itbiZHVYyRIPrSS5bQdJO5gfOKXrQieZJQCIMRN5+1L4GeGoKSADNzsI/PrVl8igQ7tczJtyvYd6h8SyOnxgWAAF/tNMsFYY5rDP88nyMfOK+lP6h8jSfBirKVKSZ3k/t+TVPCwEj1P3NN4ZGFxdQJnvHSlA7lpFzvem8RCG8z+tKPigMYAm955+VNj/ALN7LGRQlzPOPnFqay3GXQe7QhRJktyMwSAJ/vFS8hm4BDxIvItb8+9MI+GxAVDrN+x7kHbzqVJaVnzRnHyzohYsjAmzLbcdgIWs7mdU7Wj9SP0rXZDBZlfDJXYlSRPmAJHWfnULjagYgUfyLHnJJ/UVvm+xb8JRP+0R/z/QfvTGRwWBkLII5Rb6UDRJiQAYudgbX8q0uXyqYSAgqzNAAkkzvtGmLi8/vVarEJK1hOFIuGwd/i0kBQAdIIMu3oYA7k9Jm8Zz6OWCKQBEefM1ZGXC2J1M12P6CpHEspBJFQilV6ytbM4idl8uSJkfWqmWhiq6RyA+1TcN9J+/lT2UxQrqx5EGPI1a9Jxhd/wBVTCRlUXR9Imdhz8ydZnsKg/xBdy7n4iSfL8tTb5ZsRy5UhGJc7C1zHyBpzL8Jw21YuISJJColgApi8g7xy8+dJMd/yV+l4v4Q1wtpdVW4O8chzPpWrzOc0IxFgoMdoAv53FZfIY2Hl3VgSyP4YY+JDNvMcqucQwGfDdJiRh/V/FUPpLl4w/OlS0mez2VLYhzGIJBDaNRkybao7CbnrV3P59WD4KkyuFLRuJ29YE+ooWZzCJhqwT4RCKBJPJR5G01neAq4xXZ5DlvHO5BE0q80d+4ZfPY7O4LGWAClv6o2PqIpnAyTPhu4J8Anzi7eUCPnQ+JZXTiMoGxMf9ZtTuRzJXAcAmWMEdJEH5iuhYiNLWaP2BwyMPELDwM3h72hvSbehrHe0PDvdYpK/A0stxMEixE7iR6XrQ+zWcIwikkEOR56hI8rzS/tFlGgOADHxNB7R8RP0rK8rAOdWkjgeEVdGIbSxYAkWspAAPkKn+1R/wB8jmFUH6n9aMzFIcE2IMTzFO8SyiYmLhYpujlAw7CJ27T8qZPK1itdYjQcW4fhYmWXMIkMVRp53iZ6m5p/2e4ogRMIghwvaCBblz23p5kUIECjRAAA2jYelZrJ5X3OYXVEMWEg9Z0k2EnYRykUA/htkzk2m3Kpmfcl1gQB9TNFdwIoqZhCBa4rBBJinSbm8fpSfGROG1+lGxTc332tU/iDyjCaKQGTODAqWJ/OVWAek1GwcRV/m2337U3/ABa/1D60cAY1c0Q87xRFyJfxXJZtgOux8qHl8vJMm33pw59QSBMgRIoVT/6lFM/pMfD0Nz3NV+GAICTuYk/p5CpbO2rVptVHLYymFnflzoPRVgbFzbI6v/SZA7GzfSalnMs76muTv9v2qvjZdXRriQD5xIgk+U271Cw8MgxzBNGMForcHKJil2gkA6AdtVgJnzNN5vNFn3Ei3wgRB2sKQKWC/kmP2pnEy+hyp9PKp1jrSqbU4P4OICJJ22mh5kcht161Nzma0Eb/AJ+GqGVxkZNRMeZpeLn+4HJPon5nKiZoeVyrarXE3qlgujtYyAZMzcdtqcBRQdwB25em33roilXT9J3FSuWdMayuIAIYzaT5AfURTBVWU+7AWEnVyWfhPSYkx0XylBs6giGtBG3UVxwriCLKFwBiBRpNgIGmJ/69elVxfhBtnucypdNPNgrIeYIH61RyvGGhEcacUFNUwAyAyWnaIBmlv9Qw2cIjljoLa1IOkCygajY8yYJ28xBzTg5kEnUgOidROr+oye80n0lUux/lTlm2fiOEYKuhG0BhG5O/KuE4vltRhCxG7Kgv67kVjc9nOSgQPl/fzpTKcXKPyI7ia5f+JtdHU7SfZa49m8N2lU1TsZIqTllZtWlWI8v1513ngSxYQdrjYyJHkat8HxETDBdlE3g8ulPM4sFptvRf2c+N15kAjzUn94qrn+JqFZWXe30ufnb0oeV4hge8hCNbDcCJ9alZ/NA6zAmXX5sYPeLUrk00RnG45fvXi8QC4fu4MqxIM7CZAohwbrqlQwMGN45CkczhhXYDb+16tKT6ZOm0a72f9o3dlw8VVCEAKQDYjYGTefvVXiOGjggmO43+29Y1M6pwwNmG3Yi4PzFXMHP4bYYxCYI+Id+YofvhiriZsWBPPcnc/qaVzOeVBYyx/L9qzGZzbYj9uQ6CvsTG5b9/zYVgpF/IcXZ3Caetx25ntXfF88qBdJBYkiegG+3nFZ054ouhPCW+Jubduw7ULHZkKBhGx+f5MUyQGzVBUNoXp686a0J0HyrG/wAWb3O5+tUcLiDkDb5j9qz6MuyJmtWG2h7QLWm3KgJjTJUevf1qlnsrrgpccwTYGOp2oOXyhHgK37cx1E/lqWXLQaTTAJJZQQbkevX87VWREaGVArLIHebGZ33+tJphMrjTeCB13+lOZnECG0N5GL8/yBWoGsGcxpHwi8ggyI6UhhuqvJMztHWvWRna0kmTA/bpXmVyTM6qZW/P6/SgsXpuynlfFiJ2ufSjZhtTHVvT+KFAAGwBG3SLW86ksZmd6inyelX0iZxWWdVG5t68qaTC0ADeB1+dAx1jFB9fp96pZbFlLG4tXSv8URfopgYh32irXCuIo3xgEfC4iZXqOh7jv1qVn2sPrTnBPZ/ExtWJq0INiVJLdgJEjv8AelpJrX0U+VtavU/Uc8ZyyIdWE6ujTAvIvBBkbWMVIxTqv+eZ71ez/s5jAGArLPKxPoaHw/2ZxXdVfwLzY8hv/amn6Lj2xK+ffRP4biouIkKS2qCbbN4TbyJoHEUC4joNkJA3uOv1rc5n2awlw/AIYXDTe37/AK1Lz/s9mC6toJJUS2pIBHUsQT5386E/aXoH82sM1lirnxzbeOdfYmGkxp0jqL/vTufyjo+k6Cw+KLx2JpL3Z2+YorvsL1dMu8L4UxyzjUDLalbkRAgef9qiY2WKmGP1q9lM2gwwqtyCkWBk+dt7zXGLwdsRTiG8SANUzHxfDbl61JNqnpWuLlYSMm6I6s2qxBsByPeunMljykmqWW4WjKSQRY3MwTeNI51IfEtABJ2pt0TMG80Q2GmlrYc6hedTfpY0imGjMC5IXmRy6fWnMDBAUsw8Mz5mDHmL7UmEnVHOjLwDWoYfDywaQ50gDwwZJ6zHPpS+JmFiFEDko/XqaTbCuQK7OBHeqZvpPlngZMeB0oX8VewoZe8QJr5kGnVPmI+tqOI3JnQckz9BTWG5dwW5/tU7V0pjDmK2G0acAbdf35UfCcQN/nS3vABR1x07UMCqLeNlkcuxxCPEIAUCBAseZvPyqJm00OoR2YmJJgC9hy5VTzOE6ONMvM2sDH2+dJ5jIOyB9oMQtzE7k/tUkO2z73wRLsNZ6A/m1LI4O1c55CGg22ufrSqYUN4ST3FFzoFWFDBMG1qqpiqRcweoBqJqaOVqPl8cqQy7jkbip1O+lJpFrLZFnDam0KI0k/zNf4ZPnPnQM3wx0AnSdUwQenUHbevH4mX+Ido5dzfah57jRdNASV6npa303rTOAqhXGygTQxcOWnblH+aVzNvh3NvP0614+ZJ8u1bH2L4JpH8VmVgJ8AYX/wC0HnyH+Ko64oRTyYPgvsu2kYuZgdEJ+Wvv2/xROK5950odKi3T5V3xnjDljcQTYf0ipo4uYuQ1+YEAeUVHafbLqUlgHAzZLqNTkA30yYq6cQDbEYf9h+8GhZfjiRdVHlAFDzPH8MCSik9yP1oN6/ArpenSZ19WkMrg3vY25zV3C4wpTURMyI2nfY8/lWGxOMa2LeFeQK7AED03H2qVl8ZnIQYmhQo0hmbfSNUG+5BPrVf+Kc7IV9K3EaziOIrMWZAGxDpHLoAb8hY+lJZnLpgoyriDEdj4iseFBeAR1Y8+lRswXULrYwNiTa+8TS7cWOjSm3Pv5/nKi1ucfAJtL+48y9gW5zVLJ8XfDECCL2M8/I1NyLa1KQLXH1omV4XmH+HDMdWhR8zRa77DLH83xpmU+GJAEgm1+QqYuZVSGIsN4iYIpp+D44/kJPZlj5zS/wDp+Os68NYFzcW6TE7mtOBelHKcRRsMpcPfSIN+m21qq8JyGB7pxiMFxHkSY8A5G/3ofCfZ9iutiobbSNTG5gfyjnzG3Wi5nK4yGPclwoJbQR4Y8wJPkTzrLjoHyawT4zwbQoKlFtJAdjq3ggMJ5HnWZzGIQIggg/oZrQ5tzonDQ6zpgETYntbrzpPCKsrHFgupsg2n/kZvH9PzpuSQFGkvKZRnGthA5HyrpsMAGCCOtaHEdUUKyam3A5Dn8K1PxswrD4ADzi34aRfRt6NwSROIB2v1/wAVw7xYf4pM4pkwYrzDDMbX7/3NWRIcDGJ/P70dUbpQlyjhS9jHIMJ+X7V7g8QaBb71t/0bP9mhxnfBxA7vrQiOhB325i3Ki5rOlxoQQn9UxPkKy2azDO3icsVkCek9vy1dYHEdy5JI26f571KpedFU1vZS4hhFgAJLd+QoOV4cQQGcAHs5j6XouSzpdoVdR6dO/aq+DhNFxfmb/epOqlYNxl9j3DeCZdoBbFfqQAo/etHkfZnh7/AhY8yHf94kVIyGoC1hzIvVfLcTw8PQmkCS0dZtew86Cqn6Zyl4O4HsZlQ06Sw6FjH96ZX2dypDH3GHYkfCDcGfpO3z2FfLxVECywhiIk7gmTHkJ+Xekcb2jXCRwwkqGYnkdTMRHnIo6bi2K8GOAmXOKUTWC+ohRdldhboLbCo+d46+Og1AIpM6Rz6E/tUteLMcMIBBcszdtTFj96VxMyF+UCppMpi9B8Ux7WP+KzmcxQzyth+wv+9NcTzW45n7c6Vwj1ANdPznFpD6Vrws5LBRWGvxC1iTB+tGwuDF/wDdKqg1fCxIsT0iw86Wy2bVQDB1DnO1dYnEGcif3N97xNK+QOi9i5oYawCgIBIknflAm49KyecZ3OpyGZjM239LD0ouPcERz7m9c5fhuI5lVYre/IRvc2FGf7e2Z99IWOMwQrMjcimOG8JfGK6YAZiAWIAtGru0SNhzq+ns/g4aq+O8lhGidImJ3mSY70nnOKQNC4aLoJ0MsqIm/hFpNjR57/iHjn+RpuG8CwsEagNTf1H9BypvGxlEAXJMAeh/asdje0rthBZKuGF+RE3v186a9nfe4+MWAOgEkkmwmLdzbb96Ti/WPq8RqMHUZOnSvKdyOvbyqTxfIKcNwqszlSEAZhc2BN4tOok9DX3Gc1i4LeFwwj4SoA9DFiPM1DxvaTVZ1sf5lsQe4uCPL5UEnuoza8ZpcvmnTDC6xrCiYvJi+9z69Km5f2lxlOnUNyAGuDH/AOT8hWVfN+IglmWxBBMjpBm1LpiS5JZgOUmTTqG/RXSNVxXi2qGOEgaNxK97Fd/rU4uuONKYBDgmXZ4APaFBJ7HauUw0IkiAI1MReJAnyG9EzuA2UZP518amN5Y6gfMiBRiU2B00DzGFiSXZwNNpaRJ5af6uf1qI+tyQJgb8hHUzy86qPxRtbCdI0FWAMpPK0Xid+o6UPK6F0aveNhsTLIBq1DeNVpHQ8p606WCutJK4XefKjIhmBVT2g4hg6wmWwwioApf+ZmHxEnaZtMX7VIw8043MiZg03bQo7liVk9uX6mvPcA3gVxjZvUBsPLl5D966wlEC4/PWhg+oDZnJFrmR96q5PgqKpfGxFRQJCkgFulpm9SsdgGMDad6HhOWN6DTfhtRs+HNhu2jDXQgElwAC0ATHe95qs+GoAiYtvEAfb0rIcI4mE8Mbzf63rU5XFDMAD/8AGIYHmdp8jM/KotY+x09E8fiAR4aVvZhYfSP1qdmeI6n1FzIFmEfoKt5/KYOgu6AnsIj0msfmcm6XB1L5Gw70FMsLpr8KeY4i7qFDSykkHaxjb5fWuM3mnKAP0A9Adv19aDkcUaZJXVOxjyAjemc4kgnTPYVuKTM61AkYaRflyrhiNyZqebc/lXJYxuafgLzOMdQ7k8qJgDfnXy4YO003l8gTtf1p+SSEa1lThfCsNgHxndUJAOhRtBvJ6QCbbGvG4BjOze4U4iaoDrBB87+H1rpsNwgEnSBt232oWBmcRDGG7BXI1AbGNj2IkXqKb30pk4PrwQYK6sTEXUI8C+Ix3IsKnZzOgyFJEAiBIBBBG3I/3pjI4gd295IQfGQYNzysap4vBckWtj4qg3FlIg3FwJI71ku9Zt6xGPxMQkAFiRNgSekc+1Dw0Z7KCfp9TWvweEZV3Chnc3jVAmJ2A2J3qngJl0lFRdQBOkiSeoGrn/aqKl/oTi3+mLy/AsRmGoFFkS29t9zX6JwjJph4QVLKO838zuag5n2qSPCrlttMRHnIj71Hf2kxr+OF5SBI+W9ZqqCnMnntXjsccqSIAkRz3E9jaPSs9o1SRyBJPQbA/OjOS7EgyWN2PU11ncuMKAWLFgDp5b2+xqiWCN6fYOGYDBC/Yhj89JFfY+WcmThBJvY/pMgUNeJOLCFXoupevMGZ71zh4YcyGJ7MTPoedZprsyK+V1HxMG0IJaFJmIhbC94PpSXFeMHFsAQovfcnqavcPxoyzTiFCSVVidza1+d/QAVjsuIeG5SP3pIe714Gl4HTLho8cAxJP1+VOcIy7NiNghpkMwPkN+xib9qGqiYCiL8tqs8DKjL5pkScSVRSBcI1mjoOf/1FM30ZemazuCFZiJ0zz39Y9aV862/AeDlzLIzKJgRZiQRBJsLGkOL+xmJg4XvAwci7Ks+FexPxRzsKKpeMHEzJFrURSe9Bk0dTTijeJlyCY6kfk0EYZGwIPUflqfxdz5mg4dIMKMTNgaqZPizo6s0sBaLbRyMWoa865xfhNbimbzw1R4jh4yOmsqpCzaG1XgLIgmak4WYBH0J/t0NS8vuaYHxVKoWFFbA5hYcMoEjfz/XzFcB3J3J7A0629fcz5VRT0I2IMjc1+n9qImC0fDbyNU8Pl5V69HAC2FhsDtHzpvCFxKknlz/PlXC7U5w/4j5UlShkxnAw32KAg9YHyiR9q5/0pJnXir2BUjykAkj0p1dqE24qakJN41w/3eGShJ8S3gjVY9T+1I5PDxnRUSRpnxG0DkJP5YVcz3wGp+Xp/wAN+g/9NZSJxm1DmFIAPnaTTWdfNO4KMtlUFhAkibkX6+VLtvTWS+NaXQokY/C8TX/uNEmZA1TPXaK7bhOndZWN1BP2mqPFdx51xhU/JiuUTvcuFCojCWJllgRH/Lc7UHiuUxCA7CSAAYGw5HcnnVPHrkVlT0PBYZw4TEdPOuFw3G0yIq1j/FQm3qgmHWsNpBOkpcDSYmAPI7T5mknyGpydW9/FzPmKK9eYe9JueDNHgyDrubciCT9q0nD+MYeEhRAqxc8ufK/iYgjnaDUDEprB+GkrsKRUb2rYKQWJ1baVMA99p6elQs7xPExvjfG6aVGkR5C3zo43o529KeZSAzPHLET4W0zaRcjl2p3Cy7kCzf8AiKfPPzpvC2FOKf/Z",,"En el cuadro de la Libertad guiando al pueblo, podemos observar la indumentaria ideológica que llevan los trabajadores. ",,,,https://alinesabbloghome.files.wordpress.com/2019/11/b0f3719609bd1df4def2df1e21234c30.jpgg,#FF0000
1984,,,,1984,,,,,<b>Las chicas de San Ildefonso</b>,"Participan niñas por primera vez en la historia del Sorteo de Navidad, ya que en 1981  el colegio San Ildefonso pasa a ser mixto. La participación de los alumnos hoy en día ha pasado a ser generalmente de 10 chicos y 22 chicas.",https://www.publico.es/files/article_main//files/crop/uploads/2017/11/28/5a1d813720fa3.r_1511883060182.0-20-944-506.jpg ,Dos niñas de San Ildefonso cantando los premios del sorteo,Público.es,,,,https://alinesabbloghome.files.wordpress.com/2019/11/b0f3719609bd1df4def2df1e21234c30.jpg,#FF0000
1992,,,,1992,,,,,<b>La fecha del sorteo</b>,"En un principio el sorteo se celebraba el 18 de diciembre, pero años después el sorteo pasa a celebrarse el día 22, a no ser que coincidiera con día festivo, lo que haría que se celebrara el 21. Esta situación no se ha dado desde 1992.",https://upload.wikimedia.org/wikipedia/commons/thumb/9/9a/David_-_Sacre_de_l%27empereur_Napol%C3%A9on_Ier_%28Detail%29.jpg/280px-David_-_Sacre_de_l%27empereur_Napol%C3%A9on_Ier_%28Detail%29.jpg,,"A pesar de que los estilos cambiaran, los trajes que se utilizaban lucian poderosos y de materiales caros como la seda. ",,,,https://i0.wp.com/www.hisour.com/wp-content/uploads/2018/06/Western-fashion-of-women-in-1795%E2%80%931800.jpg?fit=960%2C640&ssl=1&resize=1280%2C720,#00FF00
2002,,,,2002,,,,,<b>La nueva moneda</b>,"Con la llegada del Euro, la peseta deja de ser moneda oficial, y por tanto, en el Sorteo de Navidad los premios pasan a cantarse en euros.",https://www.formacionimpulsat.com/wp-content/uploads/2021/08/paises-que-utilizan-el-euro.jpg.webp ,Billetes y monedas de Euro,Formación Impulsat,,,,https://alinesabbloghome.files.wordpress.com/2019/11/b0f3719609bd1df4def2df1e21234c30.jpg,#0000FF
2010,,,,2010,,,,,<b>Cambio al Palacio de Congresos</b>,"Loterías y Apuestas del Estado deja la que ha sido su sede desde 1963, en la calle Guzmán el Bueno, y el sorteo se celebra por primera vez en el Palacio de Congresos.",https://upload.wikimedia.org/wikipedia/commons/thumb/0/05/Palacio_De_Congresos_De_Zaragoza.JPG/368px-Palacio_De_Congresos_De_Zaragoza.JPG ,Palacio de Congresos de Zaragoza,Wikimedia,,,,https://img2.rtve.es/imagenes/moda-anos-20/1538989286324.jpg,#ACC4F6
2011,,,,2011,,,,,<b>Aumento en el número de boletos</b>,"<p>Se ponen a la venta 15.000 números más. Las papeletas que hasta entonces llegaban al número 85.000, alcanzan el número 99.999. Esta modificación supone la venta de 15.000 números más. El primer premio crece y será de 400.000 euros al décimo.</p>",https://www.itfashion.com/wp-content/uploads/2017/08/1930.jpg,,,,,,,#ACC4F6
2018,,,,2018,,,,,<b>El premio más repartido de la historia</b>,"La Lotería de Navidad de 2018 será recordada por ser uno de los sorteos de Navidad más repartidos de la historia. Solo el Gordo llegó a 48 provincias del país, la más repartida de la historia del premio.",https://www.youtube.com/embed/YOAGTKgA7-4,,Pasarela de moda de Dior.,,,,https://dam.harpersbazaar.mx/wp-content/uploads/2020/04/quienes-fueron-musas-christian-dior.jpg,#ACC4F6
2020,,,,2020,,,,,<b>La COVID-19</b>,"La Covid-19 marcó, sin duda, la Lotería de Navidad del año pasado, que se celebró por primera vez sin público y bajo unas estrictas medidas de seguridad.",https://album.mediaset.es/eimg/10000/2021/12/21/clipping_McP9jV_0119.jpg ,,Imagen del sorteo de Navidad 2020,NIUS,,,,#ACC4F6